Class;Name;Signature;Ret Type
org.apache.activemq.transport.amqp.protocol.AmqpConnection;keepAlive;;long
org.apache.activemq.transport.mqtt.MQTTInactivityMonitor;getReadKeepAliveTime;;long
org.apache.activemq.util.LockFile;getVmLockKey;;long
org.apache.activemq.util.DefaultIOExceptionHandler;getResumeCheckSleepPeriod;;long
org.apache.activemq.transport.amqp.protocol.AmqpConnection;keepAlive;;long
org.apache.activemq.transport.mqtt.MQTTInactivityMonitor;getReadKeepAliveTime;;long
org.apache.activemq.util.LockFile;getVmLockKey;;long
org.apache.activemq.util.DefaultIOExceptionHandler;getResumeCheckSleepPeriod;;long
org.apache.activemq.network.ConditionalNetworkBridgeFilterFactory.ConditionalNetworkBridgeFilter;hasNotJustArrived;Message;long
org.apache.activemq.network.jms.DestinationBridge;processReplyToDestination;Destination;long
org.apache.activemq.broker.BrokerService;getUptimeMillis;;long
org.apache.activemq.broker.region.Queue;getTimeBeforeDispatchStarts;;long
org.apache.activemq.broker.region.Queue.TimeoutMessage;getDelay;TimeUnit;long
org.apache.activemq.broker.scheduler.JobSupport;getDataTime;String;long
org.apache.activemq.broker.scheduler.CronParser;getNextScheduledTime;String,long;long
org.apache.activemq.broker.scheduler.CronParser;doUpdateCurrentMonth;Calendar,CronEntry;long
org.apache.activemq.broker.scheduler.CronParser;doUpdateCurrentDay;Calendar,CronEntry,CronEntry;long
org.apache.activemq.broker.TransportConnection;getOldestActiveTransactionDuration;;long
org.apache.activemq.broker.TransportStatusDetector;getSweepInterval;;long
org.apache.activemq.broker.jmx.DestinationView;sendTextMessage;Map,String,String,String;long
org.apache.activemq.plugin.SubQueueSelectorCacheBroker;getPersistInterval;;long
org.apache.activemq.util.ProducerThread;getSleep;;long
org.apache.activemq.util.ConsumerThread;getSleep;;long
org.apache.activemq.util.StopWatch;taken;;long
org.apache.activemq.util.StopWatch;taken;;long
org.apache.activemq.util.DefaultIOExceptionHandler;getResumeCheckSleepPeriod;;long
org.apache.activemq.management.CountStatisticImpl;getPeriod;;long
org.apache.activemq.management.CountStatisticImpl;getFrequency;;long
org.apache.activemq.management.PollCountStatisticImpl;getPeriod;;long
org.apache.activemq.management.PollCountStatisticImpl;getFrequency;;long
org.apache.activemq.transport.tcp.TcpBufferedOutputStream;isWriting;;long
org.apache.activemq.transport.tcp.TcpBufferedOutputStream;getWriteTimestamp;;long
org.apache.activemq.transport.tcp.TcpTransport;getConnectionTimeout;;long
org.apache.activemq.transport.WireFormatNegotiator;getNegotiateTimeout;;long
org.apache.activemq.transport.nio.NIOOutputStream;isWriting;;long
org.apache.activemq.transport.nio.NIOOutputStream;getWriteTimestamp;;long
org.apache.activemq.transport.discovery.multicast.MulticastDiscoveryAgent;getKeepAliveInterval;;long
org.apache.activemq.transport.discovery.multicast.MulticastDiscoveryAgent.RemoteBrokerData;getLastHeartBeat;;long
org.apache.activemq.transport.failover.FailoverTransport;getReconnectDelay;;long
org.apache.activemq.transport.AbstractInactivityMonitor;getInitialDelayTime;;long
org.apache.activemq.command.Message;isExpired;;long
org.apache.activemq.usecases.ConcurrentProducerDurableConsumerTest.TimedMessageListener;getFirstReceipt;;long
org.apache.activemq.usecases.ConcurrentProducerDurableConsumerTest.TimedMessageListener;waitForReceivedLimit;long;long
org.apache.activemq.usecases.ConcurrentProducerQueueConsumerTest.TimedMessageListener;getFirstReceipt;;long
org.apache.activemq.usecases.ConcurrentProducerQueueConsumerTest.TimedMessageListener;waitForReceivedLimit;long;long
org.apache.activemq.util.MessageIdList;getProcessingDelay;;long
org.apache.activemq.transport.discovery.DiscoveryTransportBrokerTest;getDiscoveryUri;;long
org.apache.activemq.transport.vm.VMTransportThreadSafeTest;doTestTwoWayMessageThroughPut;boolean;long
org.apache.activemq.transport.vm.VMTransportThreadSafeTest;doTestOneWayMessageThroughPut;boolean;long
org.apache.activemq.store.kahadb.KahaDBDeleteLockTest;testModifyLockFile;;long
org.apache.activemq.store.jdbc.JDBCMessagePriorityTest;testConcurrentRate;;long
org.apache.activemq.JmsSendWithAsyncCallbackTest;benchmarkNonCallbackRate;;long
org.apache.activemq.JmsSendWithAsyncCallbackTest;benchmarkCallbackRate;;long
org.apache.activemq.perf.PerfRate;getRate;;long
org.apache.activemq.perf.PerfConsumer;getSleepDuration;;long
org.apache.activemq.perf.PerfProducer;getSleep;;long
org.apache.activemq.tool.MemoryMonitoringTool;getCheckpointInterval;;long
org.apache.activemq.tool.JmsProducerClient;getClient;;long
org.apache.activemq.tool.sampler.AbstractPerformanceSampler;getRampUpTime;;long
org.apache.activemq.tool.sampler.AbstractPerformanceSampler;getRampDownTime;;long
org.apache.activemq.tool.sampler.AbstractPerformanceSampler;getInterval;;long
org.apache.activemq.tool.JmsConsumerClient;getClient;;long
org.apache.activemq.store.jdbc.LeaseDatabaseLocker;initTimeDiff;Connection;long
org.apache.activemq.jaas.ReloadableProperties;hasModificationAfter;long;long
org.apache.activemq.transport.discovery.http.HTTPDiscoveryAgent;getUpdateInterval;;long
TopicPublisher;batch;int;long
org.apache.activemq.broker.region.Queue;getTimeBeforeDispatchStarts;;long
org.apache.activemq.broker.TransportStatusDetector;getSweepInterval;;long
org.apache.activemq.plugin.SubQueueSelectorCacheBroker;getPersistInterval;;long
org.apache.activemq.util.DefaultIOExceptionHandler;getResumeCheckSleepPeriod;;long
org.apache.activemq.transport.AbstractInactivityMonitor;getInitialDelayTime;;long
org.apache.activemq.transport.failover.FailoverTransport;getReconnectDelay;;long
org.apache.activemq.transport.tcp.TcpTransport;getConnectionTimeout;;long
org.apache.activemq.transport.WireFormatNegotiator;getNegotiateTimeout;;long
org.apache.activemq.util.ConsumerThread;getSleep;;long
org.apache.activemq.util.ProducerThread;getSleep;;long
org.apache.activemq.util.StopWatch;stop;;long
org.apache.activemq.transport.discovery.http.HTTPDiscoveryAgent;getUpdateInterval;;long
org.apache.activemq.transport.mqtt.MQTTInactivityMonitor;getReadKeepAliveTime;;long
org.apache.activemq.tool.MemoryMonitoringTool;getCheckpointInterval;;long
org.apache.activemq.tool.sampler.AbstractPerformanceSampler;getRampUpTime;;long
org.apache.activemq.tool.sampler.AbstractPerformanceSampler;getRampDownTime;;long
org.apache.activemq.tool.sampler.AbstractPerformanceSampler;getInterval;;long
org.apache.activemq.web.AjaxWebClient;getNow;;long